Subject,Start Date,Start Time,Description,Location
"Makale Yazımı 1 (Sabah)",20/01/2026,10:00,"Günün ilk makalesi. Konu ve başlık serbest.","Ofis / Bilgisayar"
"Makale Yazımı 2 (Öğleden Sonra)",20/01/2026,14:00,"Günün ikinci makalesi. Konu ve başlık serbest.","Ofis / Bilgisayar"
"Sosyal Medya İçerik Üretimi",20/01/2026,16:00,"Video, Reels veya Post hazırlığı.","Stüdyo / Ofis"
"Makale Yazımı 1 (Sabah)",21/01/2026,10:00,"Günün ilk makalesi. Konu ve başlık serbest.","Ofis / Bilgisayar"
"Makale Yazımı 2 (Öğleden Sonra)",21/01/2026,14:00,"Günün ikinci makalesi. Konu ve başlık serbest.","Ofis / Bilgisayar"
"Makale Yazımı 1 (Sabah)",22/01/2026,10:00,"Günün ilk makalesi. Konu ve başlık serbest.","Ofis / Bilgisayar"
"Makale Yazımı 2 (Öğleden Sonra)",22/01/2026,14:00,"Günün ikinci makalesi. Konu ve başlık serbest.","Ofis / Bilgisayar"
"Makale Yazımı 1 (Sabah)",23/01/2026,10:00,"Günün ilk makalesi. Konu ve başlık serbest.","Ofis / Bilgisayar"
"Makale Yazımı 2 (Öğleden Sonra)",23/01/2026,14:00,"Günün ikinci makalesi. Konu ve başlık serbest.","Ofis / Bilgisayar"
"Sosyal Medya İçerik Üretimi",23/01/2026,16:00,"Video, Reels veya Post hazırlığı.","Stüdyo / Ofis"
"Makale Yazımı 1 (Sabah)",26/01/2026,10:00,"Günün ilk makalesi. Konu ve başlık serbest.","Ofis / Bilgisayar"
"Makale Yazımı 2 (Öğleden Sonra)",26/01/2026,14:00,"Günün ikinci makalesi. Konu ve başlık serbest.","Ofis / Bilgisayar"
"Sosyal Medya İçerik Üretimi",26/01/2026,16:00,"Video, Reels veya Post hazırlığı.","Stüdyo / Ofis"
"Makale Yazımı 1 (Sabah)",27/01/2026,10:00,"Günün ilk makalesi. Konu ve başlık serbest.","Ofis / Bilgisayar"
"Makale Yazımı 2 (Öğleden Sonra)",27/01/2026,14:00,"Günün ikinci makalesi. Konu ve başlık serbest.","Ofis / Bilgisayar"
"Makale Yazımı 1 (Sabah)",28/01/2026,10:00,"Günün ilk makalesi. Konu ve başlık serbest.","Ofis / Bilgisayar"
"Makale Yazımı 2 (Öğleden Sonra)",28/01/2026,14:00,"Günün ikinci makalesi. Konu ve başlık serbest.","Ofis / Bilgisayar"
"Makale Yazımı 1 (Sabah)",29/01/2026,10:00,"Günün ilk makalesi. Konu ve başlık serbest.","Ofis / Bilgisayar"
"Makale Yazımı 2 (Öğleden Sonra)",29/01/2026,14:00,"Günün ikinci makalesi. Konu ve başlık serbest.","Ofis / Bilgisayar"
"Sosyal Medya İçerik Üretimi",29/01/2026,16:00,"Video, Reels veya Post hazırlığı.","Stüdyo / Ofis"
"Makale Yazımı 1 (Sabah)",30/01/2026,10:00,"Günün ilk makalesi. Konu ve başlık serbest.","Ofis / Bilgisayar"
"Makale Yazımı 2 (Öğleden Sonra)",30/01/2026,14:00,"Günün ikinci makalesi. Konu ve başlık serbest.","Ofis / Bilgisayar"
"Makale Yazımı 1 (Sabah)",02/02/2026,10:00,"Günün ilk makalesi. Konu ve başlık serbest.","Ofis / Bilgisayar"
"Makale Yazımı 2 (Öğleden Sonra)",02/02/2026,14:00,"Günün ikinci makalesi. Konu ve başlık serbest.","Ofis / Bilgisayar"
"Sosyal Medya İçerik Üretimi",02/02/2026,16:00,"Video, Reels veya Post hazırlığı.","Stüdyo / Ofis"
"Makale Yazımı 1 (Sabah)",03/02/2026,10:00,"Günün ilk makalesi. Konu ve başlık serbest.","Ofis / Bilgisayar"
"Makale Yazımı 2 (Öğleden Sonra)",03/02/2026,14:00,"Günün ikinci makalesi. Konu ve başlık serbest.","Ofis / Bilgisayar"
"Makale Yazımı 1 (Sabah)",04/02/2026,10:00,"Günün ilk makalesi. Konu ve başlık serbest.","Ofis / Bilgisayar"
"Makale Yazımı 2 (Öğleden Sonra)",04/02/2026,14:00,"Günün ikinci makalesi. Konu ve başlık serbest.","Ofis / Bilgisayar"
"Makale Yazımı 1 (Sabah)",05/02/2026,10:00,"Günün ilk makalesi. Konu ve başlık serbest.","Ofis / Bilgisayar"
"Makale Yazımı 2 (Öğleden Sonra)",05/02/2026,14:00,"Günün ikinci makalesi. Konu ve başlık serbest.","Ofis / Bilgisayar"
"Sosyal Medya İçerik Üretimi",05/02/2026,16:00,"Video, Reels veya Post hazırlığı.","Stüdyo / Ofis"
"Makale Yazımı 1 (Sabah)",06/02/2026,10:00,"Günün ilk makalesi. Konu ve başlık serbest.","Ofis / Bilgisayar"
"Makale Yazımı 2 (Öğleden Sonra)",06/02/2026,14:00,"Günün ikinci makalesi. Konu ve başlık serbest.","Ofis / Bilgisayar"
"Makale Yazımı 1 (Sabah)",09/02/2026,10:00,"Günün ilk makalesi. Konu ve başlık serbest.","Ofis / Bilgisayar"
"Makale Yazımı 2 (Öğleden Sonra)",09/02/2026,14:00,"Günün ikinci makalesi. Konu ve başlık serbest.","Ofis / Bilgisayar"
"Sosyal Medya İçerik Üretimi",09/02/2026,16:00,"Video, Reels veya Post hazırlığı.","Stüdyo / Ofis"
"Makale Yazımı 1 (Sabah)",10/02/2026,10:00,"Günün ilk makalesi. Konu ve başlık serbest.","Ofis / Bilgisayar"
"Makale Yazımı 2 (Öğleden Sonra)",10/02/2026,14:00,"Günün ikinci makalesi. Konu ve başlık serbest.","Ofis / Bilgisayar"
"Makale Yazımı 1 (Sabah)",11/02/2026,10:00,"Günün ilk makalesi. Konu ve başlık serbest.","Ofis / Bilgisayar"
"Makale Yazımı 2 (Öğleden Sonra)",11/02/2026,14:00,"Günün ikinci makalesi. Konu ve başlık serbest.","Ofis / Bilgisayar"
"Makale Yazımı 1 (Sabah)",12/02/2026,10:00,"Günün ilk makalesi. Konu ve başlık serbest.","Ofis / Bilgisayar"
"Makale Yazımı 2 (Öğleden Sonra)",12/02/2026,14:00,"Günün ikinci makalesi. Konu ve başlık serbest.","Ofis / Bilgisayar"
"Sosyal Medya İçerik Üretimi",12/02/2026,16:00,"Video, Reels veya Post hazırlığı.","Stüdyo / Ofis"
"Makale Yazımı 1 (Sabah)",13/02/2026,10:00,"Günün ilk makalesi. Konu ve başlık serbest.","Ofis / Bilgisayar"
"Makale Yazımı 2 (Öğleden Sonra)",13/02/2026,14:00,"Günün ikinci makalesi. Konu ve başlık serbest.","Ofis / Bilgisayar"
"Makale Yazımı 1 (Sabah)",16/02/2026,10:00,"Günün ilk makalesi. Konu ve başlık serbest.","Ofis / Bilgisayar"
"Makale Yazımı 2 (Öğleden Sonra)",16/02/2026,14:00,"Günün ikinci makalesi. Konu ve başlık serbest.","Ofis / Bilgisayar"
"Sosyal Medya İçerik Üretimi",16/02/2026,16:00,"Video, Reels veya Post hazırlığı.","Stüdyo / Ofis"
"Makale Yazımı 1 (Sabah)",17/02/2026,10:00,"Günün ilk makalesi. Konu ve başlık serbest.","Ofis / Bilgisayar"
"Makale Yazımı 2 (Öğleden Sonra)",17/02/2026,14:00,"Günün ikinci makalesi. Konu ve başlık serbest.","Ofis / Bilgisayar"
"Makale Yazımı 1 (Sabah)",18/02/2026,10:00,"Günün ilk makalesi. Konu ve başlık serbest.","Ofis / Bilgisayar"
"Makale Yazımı 2 (Öğleden Sonra)",18/02/2026,14:00,"Günün ikinci makalesi. Konu ve başlık serbest.","Ofis / Bilgisayar"
"Makale Yazımı 1 (Sabah)",19/02/2026,10:00,"Günün ilk makalesi. Konu ve başlık serbest.","Ofis / Bilgisayar"
"Makale Yazımı 2 (Öğleden Sonra)",19/02/2026,14:00,"Günün ikinci makalesi. Konu ve başlık serbest.","Ofis / Bilgisayar"
"Sosyal Medya İçerik Üretimi",19/02/2026,16:00,"Video, Reels veya Post hazırlığı.","Stüdyo / Ofis"
"Makale Yazımı 1 (Sabah)",20/02/2026,10:00,"Günün ilk makalesi. Konu ve başlık serbest.","Ofis / Bilgisayar"
"Makale Yazımı 2 (Öğleden Sonra)",20/02/2026,14:00,"Günün ikinci makalesi. Konu ve başlık serbest.","Ofis / Bilgisayar"
"Makale Yazımı 1 (Sabah)",23/02/2026,10:00,"Günün ilk makalesi. Konu ve başlık serbest.","Ofis / Bilgisayar"
"Makale Yazımı 2 (Öğleden Sonra)",23/02/2026,14:00,"Günün ikinci makalesi. Konu ve başlık serbest.","Ofis / Bilgisayar"
"Sosyal Medya İçerik Üretimi",23/02/2026,16:00,"Video, Reels veya Post hazırlığı.","Stüdyo / Ofis"
"Makale Yazımı 1 (Sabah)",24/02/2026,10:00,"Günün ilk makalesi. Konu ve başlık serbest.","Ofis / Bilgisayar"
"Makale Yazımı 2 (Öğleden Sonra)",24/02/2026,14:00,"Günün ikinci makalesi. Konu ve başlık serbest.","Ofis / Bilgisayar"
"Makale Yazımı 1 (Sabah)",25/02/2026,10:00,"Günün ilk makalesi. Konu ve başlık serbest.","Ofis / Bilgisayar"
"Makale Yazımı 2 (Öğleden Sonra)",25/02/2026,14:00,"Günün ikinci makalesi. Konu ve başlık serbest.","Ofis / Bilgisayar"
"Makale Yazımı 1 (Sabah)",26/02/2026,10:00,"Günün ilk makalesi. Konu ve başlık serbest.","Ofis / Bilgisayar"
"Makale Yazımı 2 (Öğleden Sonra)",26/02/2026,14:00,"Günün ikinci makalesi. Konu ve başlık serbest.","Ofis / Bilgisayar"
"Sosyal Medya İçerik Üretimi",26/02/2026,16:00,"Video, Reels veya Post hazırlığı.","Stüdyo / Ofis"
"Makale Yazımı 1 (Sabah)",27/02/2026,10:00,"Günün ilk makalesi. Konu ve başlık serbest.","Ofis / Bilgisayar"
"Makale Yazımı 2 (Öğleden Sonra)",27/02/2026,14:00,"Günün ikinci makalesi. Konu ve başlık serbest.","Ofis / Bilgisayar"